{
  "thresholds": {
    "t1": 1.1,
    "t2": 1.4,
    "t3": 1.8
  },
  "roiDefaults": {
    "test": [
      0.35,
      0.35,
      0.3,
      0.2
    ],
    "neg": [
      0.1,
      0.75,
      0.25,
      0.15
    ]
  },
  "labWhitePoint": [
    0.95047,
    1.0,
    1.08883
  ]
}